Source,Target,,,
800,801,1,0,0
150,794,1,0,0
561,562,1,0,0
806,807,1,0,0
149,800,1,0,0
566,567,1,0,0
812,813,1,0,0
148,806,1,0,0
571,572,1,0,0
818,819,1,0,0
147,812,1,0,0
30,31,1,0,0
32,33,1,0,0
35,36,1,0,0
38,39,1,0,0
41,42,1,0,0
44,45,1,0,0
47,48,1,0,0
50,51,1,0,0
53,54,1,0,0
56,57,1,0,0
59,60,1,0,0
62,63,1,0,0
65,66,1,0,0
68,69,1,0,0
71,72,1,0,0
74,75,1,0,0
77,78,1,0,0
80,81,1,0,0
83,84,1,0,0
86,87,1,0,0
89,90,1,0,0
92,93,1,0,0
95,96,1,0,0
98,99,1,0,0
166,167,1,0,0
101,103,1,0,0
102,103,1,0,0
103,394,1,0,0
164,378,1,0,0
164,371,1,0,0
164,364,1,0,0
164,357,1,0,0
164,350,1,0,0
164,343,1,0,0
164,336,1,0,0
164,329,1,0,0
164,322,1,0,0
164,315,1,0,0
164,308,1,0,0
164,301,1,0,0
164,294,1,0,0
164,287,1,0,0
164,280,1,0,0
164,273,1,0,0
164,266,1,0,0
164,259,1,0,0
164,252,1,0,0
164,245,1,0,0
164,238,1,0,0
164,231,1,0,0
164,224,1,0,0
164,217,1,0,0
164,210,1,0,0
164,203,1,0,0
164,196,1,0,0
164,189,1,0,0
164,182,1,0,0
164,176,1,0,0
164,905,1,0,0
164,165,1,0,0
165,170,1,0,0
165,167,1,0,0
169,170,1,0,0
175,179,1,0,0
413,518,1,0,0
414,415,1,0,0
415,416,1,0,0
416,523,1,0,0
417,418,1,0,0
418,419,1,0,0
419,528,1,0,0
420,421,1,0,0
421,422,1,0,0
174,379,1,0,0
174,372,1,0,0
174,365,1,0,0
174,358,1,0,0
174,351,1,0,0
174,344,1,0,0
174,337,1,0,0
174,330,1,0,0
174,323,1,0,0
174,316,1,0,0
174,309,1,0,0
174,302,1,0,0
174,295,1,0,0
174,288,1,0,0
174,281,1,0,0
174,274,1,0,0
174,267,1,0,0
174,260,1,0,0
174,253,1,0,0
174,246,1,0,0
174,239,1,0,0
174,232,1,0,0
174,225,1,0,0
174,218,1,0,0
174,211,1,0,0
174,204,1,0,0
174,197,1,0,0
174,190,1,0,0
174,183,1,0,0
174,177,1,0,0
174,713,1,0,0
174,384,1,0,0
422,533,1,0,0
423,424,1,0,0
424,425,1,0,0
425,538,1,0,0
426,427,1,0,0
427,428,1,0,0
428,543,1,0,0
230,235,1,0,0
236,423,1,0,0
236,670,1,0,0
236,769,1,0,0
237,242,1,0,0
243,426,1,0,0
243,672,1,0,0
243,775,1,0,0
244,249,1,0,0
250,429,1,0,0
250,674,1,0,0
250,781,1,0,0
251,256,1,0,0
257,432,1,0,0
257,676,1,0,0
257,787,1,0,0
258,263,1,0,0
264,435,1,0,0
264,678,1,0,0
264,793,1,0,0
265,270,1,0,0
271,438,1,0,0
271,680,1,0,0
271,799,1,0,0
272,277,1,0,0
278,441,1,0,0
278,682,1,0,0
278,805,1,0,0
279,284,1,0,0
285,444,1,0,0
285,684,1,0,0
285,811,1,0,0
286,291,1,0,0
292,447,1,0,0
292,686,1,0,0
292,817,1,0,0
293,298,1,0,0
299,450,1,0,0
299,688,1,0,0
299,823,1,0,0
300,305,1,0,0
306,453,1,0,0
306,690,1,0,0
306,829,1,0,0
307,312,1,0,0
313,456,1,0,0
313,692,1,0,0
313,835,1,0,0
314,319,1,0,0
320,459,1,0,0
320,694,1,0,0
320,841,1,0,0
321,326,1,0,0
327,462,1,0,0
327,696,1,0,0
327,847,1,0,0
328,333,1,0,0
334,465,1,0,0
334,698,1,0,0
334,853,1,0,0
335,340,1,0,0
341,468,1,0,0
341,700,1,0,0
341,859,1,0,0
342,347,1,0,0
348,471,1,0,0
348,702,1,0,0
348,865,1,0,0
349,354,1,0,0
355,474,1,0,0
355,704,1,0,0
355,871,1,0,0
356,361,1,0,0
362,477,1,0,0
362,706,1,0,0
362,877,1,0,0
363,368,1,0,0
369,480,1,0,0
369,708,1,0,0
369,883,1,0,0
370,375,1,0,0
376,483,1,0,0
376,710,1,0,0
376,889,1,0,0
377,382,1,0,0
383,486,1,0,0
383,712,1,0,0
383,895,1,0,0
385,386,1,0,0
387,391,1,0,0
384,389,1,0,0
384,386,1,0,0
388,389,1,0,0
391,393,1,0,0
392,393,1,0,0
393,394,1,0,0
394,395,1,0,0
399,400,1,0,0
18,19,1,0,0
543,548,1,0,0
543,544,1,0,0
547,548,1,0,0
548,553,1,0,0
548,549,1,0,0
552,553,1,0,0
553,558,1,0,0
553,554,1,0,0
557,558,1,0,0
400,401,1,0,0
401,498,1,0,0
402,403,1,0,0
517,518,1,0,0
518,523,1,0,0
518,519,1,0,0
522,523,1,0,0
10,657,1,0,0
11,12,1,0,0
403,404,1,0,0
404,503,1,0,0
405,406,1,0,0
406,407,1,0,0
407,508,1,0,0
408,409,1,0,0
409,410,1,0,0
410,513,1,0,0
411,412,1,0,0
412,413,1,0,0
766,767,1,0,0
767,773,1,0,0
767,768,1,0,0
769,773,1,0,0
772,773,1,0,0
773,779,1,0,0
773,774,1,0,0
775,779,1,0,0
778,779,1,0,0
779,785,1,0,0
779,780,1,0,0
781,785,1,0,0
784,785,1,0,0
785,791,1,0,0
785,786,1,0,0
787,791,1,0,0
790,791,1,0,0
791,797,1,0,0
791,792,1,0,0
793,797,1,0,0
796,797,1,0,0
797,803,1,0,0
797,798,1,0,0
799,803,1,0,0
802,803,1,0,0
803,809,1,0,0
803,804,1,0,0
805,809,1,0,0
808,809,1,0,0
809,815,1,0,0
809,810,1,0,0
811,815,1,0,0
814,815,1,0,0
429,430,1,0,0
430,431,1,0,0
431,548,1,0,0
432,433,1,0,0
433,434,1,0,0
434,553,1,0,0
435,436,1,0,0
436,437,1,0,0
437,558,1,0,0
438,439,1,0,0
439,440,1,0,0
440,563,1,0,0
441,442,1,0,0
442,443,1,0,0
443,568,1,0,0
444,445,1,0,0
445,446,1,0,0
446,573,1,0,0
447,448,1,0,0
448,449,1,0,0
449,578,1,0,0
450,451,1,0,0
451,452,1,0,0
452,583,1,0,0
453,454,1,0,0
454,455,1,0,0
455,588,1,0,0
456,457,1,0,0
457,458,1,0,0
458,593,1,0,0
459,460,1,0,0
460,461,1,0,0
461,598,1,0,0
462,463,1,0,0
463,464,1,0,0
464,603,1,0,0
465,466,1,0,0
466,467,1,0,0
467,608,1,0,0
468,469,1,0,0
469,470,1,0,0
470,613,1,0,0
471,472,1,0,0
472,473,1,0,0
473,618,1,0,0
474,475,1,0,0
475,476,1,0,0
476,623,1,0,0
477,478,1,0,0
478,479,1,0,0
479,628,1,0,0
480,481,1,0,0
481,482,1,0,0
482,633,1,0,0
483,484,1,0,0
484,485,1,0,0
485,638,1,0,0
486,487,1,0,0
487,488,1,0,0
488,643,1,0,0
491,492,1,0,0
491,495,1,0,0
491,500,1,0,0
491,505,1,0,0
491,510,1,0,0
491,515,1,0,0
491,520,1,0,0
491,525,1,0,0
491,530,1,0,0
491,535,1,0,0
491,540,1,0,0
491,545,1,0,0
491,550,1,0,0
491,555,1,0,0
491,560,1,0,0
491,565,1,0,0
491,570,1,0,0
491,575,1,0,0
491,580,1,0,0
491,585,1,0,0
491,590,1,0,0
491,595,1,0,0
491,600,1,0,0
491,605,1,0,0
491,610,1,0,0
491,615,1,0,0
491,620,1,0,0
491,625,1,0,0
491,630,1,0,0
491,635,1,0,0
491,640,1,0,0
491,645,1,0,0
6,7,1,0,0
497,498,1,0,0
498,503,1,0,0
498,499,1,0,0
17,18,1,0,0
19,663,1,0,0
20,21,1,0,0
502,503,1,0,0
503,508,1,0,0
503,504,1,0,0
507,508,1,0,0
508,513,1,0,0
508,509,1,0,0
512,513,1,0,0
513,518,1,0,0
513,514,1,0,0
537,538,1,0,0
538,543,1,0,0
538,539,1,0,0
542,543,1,0,0
523,528,1,0,0
523,524,1,0,0
527,528,1,0,0
528,533,1,0,0
528,529,1,0,0
532,533,1,0,0
533,538,1,0,0
533,534,1,0,0
637,638,1,0,0
638,643,1,0,0
638,639,1,0,0
642,643,1,0,0
643,644,1,0,0
645,646,1,0,0
645,491,1,0,0
646,647,1,0,0
9,10,1,0,0
653,654,1,0,0
655,656,1,0,0
681,682,1,0,0
683,684,1,0,0
685,686,1,0,0
687,688,1,0,0
689,690,1,0,0
691,692,1,0,0
22,665,1,0,0
23,24,1,0,0
24,25,1,0,0
25,667,1,0,0
693,694,1,0,0
695,696,1,0,0
697,698,1,0,0
699,700,1,0,0
701,702,1,0,0
703,704,1,0,0
705,706,1,0,0
558,563,1,0,0
558,559,1,0,0
562,563,1,0,0
563,568,1,0,0
563,564,1,0,0
567,568,1,0,0
568,573,1,0,0
568,569,1,0,0
572,573,1,0,0
573,578,1,0,0
573,574,1,0,0
577,578,1,0,0
578,583,1,0,0
578,579,1,0,0
582,583,1,0,0
583,588,1,0,0
583,584,1,0,0
587,588,1,0,0
588,593,1,0,0
588,589,1,0,0
592,593,1,0,0
593,598,1,0,0
593,594,1,0,0
597,598,1,0,0
598,603,1,0,0
598,599,1,0,0
602,603,1,0,0
603,608,1,0,0
603,604,1,0,0
607,608,1,0,0
608,613,1,0,0
608,609,1,0,0
612,613,1,0,0
613,618,1,0,0
613,614,1,0,0
617,618,1,0,0
618,623,1,0,0
618,619,1,0,0
622,623,1,0,0
623,628,1,0,0
623,624,1,0,0
627,628,1,0,0
628,633,1,0,0
628,629,1,0,0
632,633,1,0,0
633,638,1,0,0
633,634,1,0,0
657,658,1,0,0
659,660,1,0,0
661,662,1,0,0
663,664,1,0,0
665,666,1,0,0
667,668,1,0,0
669,670,1,0,0
671,672,1,0,0
673,674,1,0,0
675,676,1,0,0
677,678,1,0,0
679,680,1,0,0
7,655,1,0,0
8,9,1,0,0
13,659,1,0,0
14,15,1,0,0
16,661,1,0,0
815,821,1,0,0
815,816,1,0,0
817,821,1,0,0
820,821,1,0,0
821,827,1,0,0
821,822,1,0,0
823,827,1,0,0
826,827,1,0,0
827,833,1,0,0
827,828,1,0,0
829,833,1,0,0
832,833,1,0,0
833,839,1,0,0
833,834,1,0,0
835,839,1,0,0
838,839,1,0,0
839,845,1,0,0
839,840,1,0,0
707,708,1,0,0
709,710,1,0,0
711,712,1,0,0
713,714,1,0,0
713,174,1,0,0
714,715,1,0,0
5,6,1,0,0
717,718,1,0,0
717,722,1,0,0
717,728,1,0,0
717,734,1,0,0
717,740,1,0,0
717,746,1,0,0
717,752,1,0,0
717,758,1,0,0
717,764,1,0,0
717,770,1,0,0
717,776,1,0,0
717,782,1,0,0
717,788,1,0,0
717,794,1,0,0
717,800,1,0,0
717,806,1,0,0
717,812,1,0,0
717,818,1,0,0
717,824,1,0,0
717,830,1,0,0
717,836,1,0,0
717,842,1,0,0
717,848,1,0,0
717,854,1,0,0
717,860,1,0,0
717,866,1,0,0
717,872,1,0,0
717,878,1,0,0
717,884,1,0,0
717,890,1,0,0
717,896,1,0,0
717,901,1,0,0
721,725,1,0,0
724,725,1,0,0
725,731,1,0,0
725,726,1,0,0
727,731,1,0,0
730,731,1,0,0
731,737,1,0,0
731,732,1,0,0
733,737,1,0,0
736,737,1,0,0
737,743,1,0,0
737,738,1,0,0
739,743,1,0,0
742,743,1,0,0
743,749,1,0,0
743,744,1,0,0
745,749,1,0,0
748,749,1,0,0
749,755,1,0,0
749,750,1,0,0
751,755,1,0,0
754,755,1,0,0
755,761,1,0,0
755,756,1,0,0
757,761,1,0,0
760,761,1,0,0
761,767,1,0,0
761,762,1,0,0
763,767,1,0,0
841,845,1,0,0
844,845,1,0,0
845,851,1,0,0
845,846,1,0,0
847,851,1,0,0
850,851,1,0,0
851,857,1,0,0
851,852,1,0,0
853,857,1,0,0
856,857,1,0,0
857,863,1,0,0
857,858,1,0,0
859,863,1,0,0
862,863,1,0,0
863,869,1,0,0
863,864,1,0,0
865,869,1,0,0
868,869,1,0,0
869,875,1,0,0
869,870,1,0,0
871,875,1,0,0
874,875,1,0,0
875,881,1,0,0
875,876,1,0,0
877,881,1,0,0
880,881,1,0,0
881,887,1,0,0
881,882,1,0,0
883,887,1,0,0
886,887,1,0,0
887,893,1,0,0
887,888,1,0,0
889,893,1,0,0
892,893,1,0,0
893,899,1,0,0
893,894,1,0,0
895,899,1,0,0
898,899,1,0,0
899,900,1,0,0
901,902,1,0,0
901,717,1,0,0
902,903,1,0,0
905,906,1,0,0
905,164,1,0,0
906,907,1,0,0
21,22,1,0,0
12,13,1,0,0
15,16,1,0,0
26,27,1,0,0
27,28,1,0,0
28,669,1,0,0
29,30,1,0,0
4,495,1,0,0
4,132,1,0,0
4,131,1,0,0
4,130,1,0,0
4,129,1,0,0
4,128,1,0,0
4,127,1,0,0
4,126,1,0,0
4,125,1,0,0
4,124,1,0,0
4,123,1,0,0
4,122,1,0,0
4,121,1,0,0
4,120,1,0,0
4,119,1,0,0
4,118,1,0,0
4,117,1,0,0
4,116,1,0,0
4,115,1,0,0
4,114,1,0,0
4,113,1,0,0
4,112,1,0,0
4,111,1,0,0
4,110,1,0,0
4,109,1,0,0
4,108,1,0,0
4,107,1,0,0
4,106,1,0,0
4,105,1,0,0
4,104,1,0,0
31,671,1,0,0
33,34,1,0,0
34,673,1,0,0
36,37,1,0,0
37,675,1,0,0
39,40,1,0,0
40,677,1,0,0
42,43,1,0,0
43,679,1,0,0
45,46,1,0,0
46,681,1,0,0
48,49,1,0,0
49,683,1,0,0
51,52,1,0,0
52,685,1,0,0
54,55,1,0,0
55,687,1,0,0
57,58,1,0,0
58,689,1,0,0
60,61,1,0,0
61,691,1,0,0
63,64,1,0,0
64,693,1,0,0
66,67,1,0,0
67,695,1,0,0
69,70,1,0,0
70,697,1,0,0
72,73,1,0,0
73,699,1,0,0
75,76,1,0,0
76,701,1,0,0
78,79,1,0,0
79,703,1,0,0
81,82,1,0,0
82,705,1,0,0
84,85,1,0,0
85,707,1,0,0
87,88,1,0,0
88,709,1,0,0
90,91,1,0,0
91,711,1,0,0
93,94,1,0,0
94,102,1,0,0
94,392,1,0,0
96,97,1,0,0
97,101,1,0,0
99,100,1,0,0
100,166,1,0,0
167,168,1,0,0
168,385,1,0,0
170,171,1,0,0
171,388,1,0,0
176,178,1,0,0
177,178,1,0,0
178,179,1,0,0
179,180,1,0,0
180,399,1,0,0
180,654,1,0,0
180,721,1,0,0
181,186,1,0,0
182,184,1,0,0
183,184,1,0,0
184,185,1,0,0
185,186,1,0,0
186,187,1,0,0
187,402,1,0,0
187,656,1,0,0
187,727,1,0,0
188,193,1,0,0
189,191,1,0,0
190,191,1,0,0
191,192,1,0,0
192,193,1,0,0
193,194,1,0,0
194,405,1,0,0
194,658,1,0,0
194,733,1,0,0
195,200,1,0,0
196,198,1,0,0
197,198,1,0,0
198,199,1,0,0
199,200,1,0,0
200,201,1,0,0
201,408,1,0,0
201,660,1,0,0
201,739,1,0,0
202,207,1,0,0
203,205,1,0,0
204,205,1,0,0
205,206,1,0,0
206,207,1,0,0
207,208,1,0,0
208,411,1,0,0
208,662,1,0,0
208,745,1,0,0
209,214,1,0,0
210,212,1,0,0
211,212,1,0,0
212,213,1,0,0
213,214,1,0,0
214,215,1,0,0
215,414,1,0,0
215,664,1,0,0
215,751,1,0,0
216,221,1,0,0
217,219,1,0,0
218,219,1,0,0
219,220,1,0,0
220,221,1,0,0
221,222,1,0,0
222,417,1,0,0
222,666,1,0,0
222,757,1,0,0
223,228,1,0,0
224,226,1,0,0
225,226,1,0,0
226,227,1,0,0
227,228,1,0,0
228,229,1,0,0
229,420,1,0,0
229,668,1,0,0
229,763,1,0,0
231,233,1,0,0
232,233,1,0,0
233,234,1,0,0
234,235,1,0,0
235,236,1,0,0
238,240,1,0,0
239,240,1,0,0
240,241,1,0,0
241,242,1,0,0
242,243,1,0,0
245,247,1,0,0
246,247,1,0,0
247,248,1,0,0
248,249,1,0,0
249,250,1,0,0
252,254,1,0,0
253,254,1,0,0
254,255,1,0,0
255,256,1,0,0
256,257,1,0,0
259,261,1,0,0
260,261,1,0,0
261,262,1,0,0
262,263,1,0,0
263,264,1,0,0
266,268,1,0,0
267,268,1,0,0
268,269,1,0,0
269,270,1,0,0
270,271,1,0,0
273,275,1,0,0
274,275,1,0,0
275,276,1,0,0
276,277,1,0,0
277,278,1,0,0
280,282,1,0,0
281,282,1,0,0
282,283,1,0,0
283,284,1,0,0
284,285,1,0,0
287,289,1,0,0
288,289,1,0,0
289,290,1,0,0
290,291,1,0,0
291,292,1,0,0
294,296,1,0,0
295,296,1,0,0
296,297,1,0,0
297,298,1,0,0
298,299,1,0,0
301,303,1,0,0
302,303,1,0,0
303,304,1,0,0
304,305,1,0,0
305,306,1,0,0
308,310,1,0,0
309,310,1,0,0
310,311,1,0,0
311,312,1,0,0
312,313,1,0,0
315,317,1,0,0
316,317,1,0,0
317,318,1,0,0
318,319,1,0,0
319,320,1,0,0
322,324,1,0,0
323,324,1,0,0
324,325,1,0,0
325,326,1,0,0
326,327,1,0,0
329,331,1,0,0
330,331,1,0,0
331,332,1,0,0
332,333,1,0,0
333,334,1,0,0
336,338,1,0,0
337,338,1,0,0
338,339,1,0,0
339,340,1,0,0
340,341,1,0,0
343,345,1,0,0
344,345,1,0,0
345,346,1,0,0
346,347,1,0,0
347,348,1,0,0
350,352,1,0,0
351,352,1,0,0
352,353,1,0,0
353,354,1,0,0
354,355,1,0,0
357,359,1,0,0
358,359,1,0,0
359,360,1,0,0
360,361,1,0,0
361,362,1,0,0
364,366,1,0,0
365,366,1,0,0
366,367,1,0,0
367,368,1,0,0
368,369,1,0,0
371,373,1,0,0
372,373,1,0,0
373,374,1,0,0
374,375,1,0,0
375,376,1,0,0
378,380,1,0,0
379,380,1,0,0
380,381,1,0,0
381,382,1,0,0
382,383,1,0,0
386,387,1,0,0
389,390,1,0,0
390,392,1,0,0
493,494,1,0,0
493,499,1,0,0
493,504,1,0,0
493,509,1,0,0
493,514,1,0,0
493,519,1,0,0
493,524,1,0,0
493,529,1,0,0
493,534,1,0,0
493,539,1,0,0
493,544,1,0,0
493,549,1,0,0
493,554,1,0,0
493,559,1,0,0
493,564,1,0,0
493,569,1,0,0
493,574,1,0,0
493,579,1,0,0
493,584,1,0,0
493,589,1,0,0
493,594,1,0,0
493,599,1,0,0
493,604,1,0,0
493,609,1,0,0
493,614,1,0,0
493,619,1,0,0
493,624,1,0,0
493,629,1,0,0
493,634,1,0,0
493,639,1,0,0
493,644,1,0,0
496,497,1,0,0
501,502,1,0,0
506,507,1,0,0
511,512,1,0,0
1,718,1,0,0
516,517,1,0,0
2,722,1,0,0
2,161,1,0,0
2,160,1,0,0
2,159,1,0,0
2,158,1,0,0
2,157,1,0,0
2,156,1,0,0
2,155,1,0,0
2,154,1,0,0
2,153,1,0,0
2,152,1,0,0
2,151,1,0,0
2,150,1,0,0
2,149,1,0,0
2,148,1,0,0
2,147,1,0,0
2,146,1,0,0
2,145,1,0,0
2,144,1,0,0
2,143,1,0,0
2,142,1,0,0
2,141,1,0,0
2,140,1,0,0
2,139,1,0,0
2,138,1,0,0
2,137,1,0,0
2,136,1,0,0
2,135,1,0,0
2,134,1,0,0
2,133,1,0,0
521,522,1,0,0
526,527,1,0,0
531,532,1,0,0
536,537,1,0,0
541,542,1,0,0
133,896,1,0,0
546,547,1,0,0
551,552,1,0,0
794,795,1,0,0
151,788,1,0,0
556,557,1,0,0
111,605,1,0,0
605,606,1,0,0
112,600,1,0,0
600,601,1,0,0
113,595,1,0,0
576,577,1,0,0
146,818,1,0,0
581,582,1,0,0
145,824,1,0,0
824,825,1,0,0
586,587,1,0,0
144,830,1,0,0
830,831,1,0,0
591,592,1,0,0
143,836,1,0,0
836,837,1,0,0
596,597,1,0,0
142,842,1,0,0
842,843,1,0,0
601,602,1,0,0
141,848,1,0,0
848,849,1,0,0
606,607,1,0,0
140,854,1,0,0
854,855,1,0,0
611,612,1,0,0
139,860,1,0,0
860,861,1,0,0
616,617,1,0,0
138,866,1,0,0
866,867,1,0,0
621,622,1,0,0
137,872,1,0,0
872,873,1,0,0
626,627,1,0,0
136,878,1,0,0
878,879,1,0,0
631,632,1,0,0
135,884,1,0,0
884,885,1,0,0
636,637,1,0,0
134,890,1,0,0
890,891,1,0,0
641,642,1,0,0
719,720,1,0,0
719,726,1,0,0
719,732,1,0,0
719,738,1,0,0
719,744,1,0,0
719,750,1,0,0
719,756,1,0,0
719,762,1,0,0
719,768,1,0,0
719,774,1,0,0
719,780,1,0,0
719,786,1,0,0
719,792,1,0,0
719,798,1,0,0
719,804,1,0,0
719,810,1,0,0
719,816,1,0,0
719,822,1,0,0
719,828,1,0,0
719,834,1,0,0
719,840,1,0,0
719,846,1,0,0
719,852,1,0,0
719,858,1,0,0
719,864,1,0,0
719,870,1,0,0
719,876,1,0,0
719,882,1,0,0
719,888,1,0,0
719,894,1,0,0
719,900,1,0,0
723,724,1,0,0
729,730,1,0,0
735,736,1,0,0
741,742,1,0,0
747,748,1,0,0
753,754,1,0,0
759,760,1,0,0
765,766,1,0,0
771,772,1,0,0
777,778,1,0,0
783,784,1,0,0
789,790,1,0,0
795,796,1,0,0
801,802,1,0,0
807,808,1,0,0
813,814,1,0,0
819,820,1,0,0
825,826,1,0,0
831,832,1,0,0
837,838,1,0,0
843,844,1,0,0
849,850,1,0,0
855,856,1,0,0
861,862,1,0,0
867,868,1,0,0
873,874,1,0,0
879,880,1,0,0
885,886,1,0,0
891,892,1,0,0
897,898,1,0,0
116,580,1,0,0
580,581,1,0,0
117,575,1,0,0
575,576,1,0,0
118,570,1,0,0
570,571,1,0,0
104,640,1,0,0
131,505,1,0,0
505,506,1,0,0
132,500,1,0,0
500,501,1,0,0
495,496,1,0,0
3,492,1,0,0
492,493,1,0,0
896,897,1,0,0
640,641,1,0,0
119,565,1,0,0
565,566,1,0,0
120,560,1,0,0
560,561,1,0,0
121,555,1,0,0
555,556,1,0,0
540,541,1,0,0
125,535,1,0,0
535,536,1,0,0
126,530,1,0,0
530,531,1,0,0
127,525,1,0,0
595,596,1,0,0
114,590,1,0,0
590,591,1,0,0
115,585,1,0,0
585,586,1,0,0
107,625,1,0,0
625,626,1,0,0
734,735,1,0,0
161,728,1,0,0
728,729,1,0,0
722,723,1,0,0
718,719,1,0,0
108,620,1,0,0
620,621,1,0,0
105,635,1,0,0
635,636,1,0,0
782,783,1,0,0
153,776,1,0,0
109,615,1,0,0
615,616,1,0,0
110,610,1,0,0
610,611,1,0,0
752,753,1,0,0
158,746,1,0,0
746,747,1,0,0
159,740,1,0,0
740,741,1,0,0
160,734,1,0,0
788,789,1,0,0
152,782,1,0,0
155,764,1,0,0
764,765,1,0,0
156,758,1,0,0
758,759,1,0,0
157,752,1,0,0
525,526,1,0,0
128,520,1,0,0
520,521,1,0,0
129,515,1,0,0
515,516,1,0,0
130,510,1,0,0
510,511,1,0,0
106,630,1,0,0
630,631,1,0,0
122,550,1,0,0
550,551,1,0,0
123,545,1,0,0
545,546,1,0,0
124,540,1,0,0
776,777,1,0,0
154,770,1,0,0
770,771,1,0,0
0,163,0,1,0
163,173,0,1,0
173,396,0,1,0
173,398,0,1,0
396,716,0,1,0
398,490,0,1,0
490,650,0,1,0
490,490,0,1,0
648,652,0,1,0
650,652,0,1,0
652,904,0,1,0
652,173,0,1,0
716,648,0,1,0
716,716,0,1,0
904,908,0,1,0
904,163,0,1,0
1,0,0,0,1
2,0,0,0,1
3,0,0,0,1
4,0,0,0,1
5,0,0,0,1
6,0,0,0,1
7,0,0,0,1
8,0,0,0,1
9,0,0,0,1
10,0,0,0,1
11,0,0,0,1
12,0,0,0,1
13,0,0,0,1
14,0,0,0,1
15,0,0,0,1
16,0,0,0,1
17,0,0,0,1
18,0,0,0,1
19,0,0,0,1
20,0,0,0,1
21,0,0,0,1
22,0,0,0,1
23,0,0,0,1
24,0,0,0,1
25,0,0,0,1
26,0,0,0,1
27,0,0,0,1
28,0,0,0,1
29,0,0,0,1
30,0,0,0,1
31,0,0,0,1
32,0,0,0,1
33,0,0,0,1
34,0,0,0,1
35,0,0,0,1
36,0,0,0,1
37,0,0,0,1
38,0,0,0,1
39,0,0,0,1
40,0,0,0,1
41,0,0,0,1
42,0,0,0,1
43,0,0,0,1
44,0,0,0,1
45,0,0,0,1
46,0,0,0,1
47,0,0,0,1
48,0,0,0,1
49,0,0,0,1
50,0,0,0,1
51,0,0,0,1
52,0,0,0,1
53,0,0,0,1
54,0,0,0,1
55,0,0,0,1
56,0,0,0,1
57,0,0,0,1
58,0,0,0,1
59,0,0,0,1
60,0,0,0,1
61,0,0,0,1
62,0,0,0,1
63,0,0,0,1
64,0,0,0,1
65,0,0,0,1
66,0,0,0,1
67,0,0,0,1
68,0,0,0,1
69,0,0,0,1
70,0,0,0,1
71,0,0,0,1
72,0,0,0,1
73,0,0,0,1
74,0,0,0,1
75,0,0,0,1
76,0,0,0,1
77,0,0,0,1
78,0,0,0,1
79,0,0,0,1
80,0,0,0,1
81,0,0,0,1
82,0,0,0,1
83,0,0,0,1
84,0,0,0,1
85,0,0,0,1
86,0,0,0,1
87,0,0,0,1
88,0,0,0,1
89,0,0,0,1
90,0,0,0,1
91,0,0,0,1
92,0,0,0,1
93,0,0,0,1
94,0,0,0,1
95,0,0,0,1
96,0,0,0,1
97,0,0,0,1
98,0,0,0,1
99,0,0,0,1
100,0,0,0,1
101,0,0,0,1
102,0,0,0,1
103,0,0,0,1
104,0,0,0,1
105,0,0,0,1
106,0,0,0,1
107,0,0,0,1
108,0,0,0,1
109,0,0,0,1
110,0,0,0,1
111,0,0,0,1
112,0,0,0,1
113,0,0,0,1
114,0,0,0,1
115,0,0,0,1
116,0,0,0,1
117,0,0,0,1
118,0,0,0,1
119,0,0,0,1
120,0,0,0,1
121,0,0,0,1
122,0,0,0,1
123,0,0,0,1
124,0,0,0,1
125,0,0,0,1
126,0,0,0,1
127,0,0,0,1
128,0,0,0,1
129,0,0,0,1
130,0,0,0,1
131,0,0,0,1
132,0,0,0,1
133,0,0,0,1
134,0,0,0,1
135,0,0,0,1
136,0,0,0,1
137,0,0,0,1
138,0,0,0,1
139,0,0,0,1
140,0,0,0,1
141,0,0,0,1
142,0,0,0,1
143,0,0,0,1
144,0,0,0,1
145,0,0,0,1
146,0,0,0,1
147,0,0,0,1
148,0,0,0,1
149,0,0,0,1
150,0,0,0,1
151,0,0,0,1
152,0,0,0,1
153,0,0,0,1
154,0,0,0,1
155,0,0,0,1
156,0,0,0,1
157,0,0,0,1
158,0,0,0,1
159,0,0,0,1
160,0,0,0,1
161,0,0,0,1
162,0,0,0,1
164,163,0,0,1
165,163,0,0,1
166,163,0,0,1
167,163,0,0,1
168,163,0,0,1
169,163,0,0,1
170,163,0,0,1
171,163,0,0,1
172,163,0,0,1
174,173,0,0,1
175,173,0,0,1
176,173,0,0,1
177,173,0,0,1
178,173,0,0,1
179,173,0,0,1
180,173,0,0,1
181,173,0,0,1
182,173,0,0,1
183,173,0,0,1
184,173,0,0,1
185,173,0,0,1
186,173,0,0,1
187,173,0,0,1
188,173,0,0,1
189,173,0,0,1
190,173,0,0,1
191,173,0,0,1
192,173,0,0,1
193,173,0,0,1
194,173,0,0,1
195,173,0,0,1
196,173,0,0,1
197,173,0,0,1
198,173,0,0,1
199,173,0,0,1
200,173,0,0,1
201,173,0,0,1
202,173,0,0,1
203,173,0,0,1
204,173,0,0,1
205,173,0,0,1
206,173,0,0,1
207,173,0,0,1
208,173,0,0,1
209,173,0,0,1
210,173,0,0,1
211,173,0,0,1
212,173,0,0,1
213,173,0,0,1
214,173,0,0,1
215,173,0,0,1
216,173,0,0,1
217,173,0,0,1
218,173,0,0,1
219,173,0,0,1
220,173,0,0,1
221,173,0,0,1
222,173,0,0,1
223,173,0,0,1
224,173,0,0,1
225,173,0,0,1
226,173,0,0,1
227,173,0,0,1
228,173,0,0,1
229,173,0,0,1
230,173,0,0,1
231,173,0,0,1
232,173,0,0,1
233,173,0,0,1
234,173,0,0,1
235,173,0,0,1
236,173,0,0,1
237,173,0,0,1
238,173,0,0,1
239,173,0,0,1
240,173,0,0,1
241,173,0,0,1
242,173,0,0,1
243,173,0,0,1
244,173,0,0,1
245,173,0,0,1
246,173,0,0,1
247,173,0,0,1
248,173,0,0,1
249,173,0,0,1
250,173,0,0,1
251,173,0,0,1
252,173,0,0,1
253,173,0,0,1
254,173,0,0,1
255,173,0,0,1
256,173,0,0,1
257,173,0,0,1
258,173,0,0,1
259,173,0,0,1
260,173,0,0,1
261,173,0,0,1
262,173,0,0,1
263,173,0,0,1
264,173,0,0,1
265,173,0,0,1
266,173,0,0,1
267,173,0,0,1
268,173,0,0,1
269,173,0,0,1
270,173,0,0,1
271,173,0,0,1
272,173,0,0,1
273,173,0,0,1
274,173,0,0,1
275,173,0,0,1
276,173,0,0,1
277,173,0,0,1
278,173,0,0,1
279,173,0,0,1
280,173,0,0,1
281,173,0,0,1
282,173,0,0,1
283,173,0,0,1
284,173,0,0,1
285,173,0,0,1
286,173,0,0,1
287,173,0,0,1
288,173,0,0,1
289,173,0,0,1
290,173,0,0,1
291,173,0,0,1
292,173,0,0,1
293,173,0,0,1
294,173,0,0,1
295,173,0,0,1
296,173,0,0,1
297,173,0,0,1
298,173,0,0,1
299,173,0,0,1
300,173,0,0,1
301,173,0,0,1
302,173,0,0,1
303,173,0,0,1
304,173,0,0,1
305,173,0,0,1
306,173,0,0,1
307,173,0,0,1
308,173,0,0,1
309,173,0,0,1
310,173,0,0,1
311,173,0,0,1
312,173,0,0,1
313,173,0,0,1
314,173,0,0,1
315,173,0,0,1
316,173,0,0,1
317,173,0,0,1
318,173,0,0,1
319,173,0,0,1
320,173,0,0,1
321,173,0,0,1
322,173,0,0,1
323,173,0,0,1
324,173,0,0,1
325,173,0,0,1
326,173,0,0,1
327,173,0,0,1
328,173,0,0,1
329,173,0,0,1
330,173,0,0,1
331,173,0,0,1
332,173,0,0,1
333,173,0,0,1
334,173,0,0,1
335,173,0,0,1
336,173,0,0,1
337,173,0,0,1
338,173,0,0,1
339,173,0,0,1
340,173,0,0,1
341,173,0,0,1
342,173,0,0,1
343,173,0,0,1
344,173,0,0,1
345,173,0,0,1
346,173,0,0,1
347,173,0,0,1
348,173,0,0,1
349,173,0,0,1
350,173,0,0,1
351,173,0,0,1
352,173,0,0,1
353,173,0,0,1
354,173,0,0,1
355,173,0,0,1
356,173,0,0,1
357,173,0,0,1
358,173,0,0,1
359,173,0,0,1
360,173,0,0,1
361,173,0,0,1
362,173,0,0,1
363,173,0,0,1
364,173,0,0,1
365,173,0,0,1
366,173,0,0,1
367,173,0,0,1
368,173,0,0,1
369,173,0,0,1
370,173,0,0,1
371,173,0,0,1
372,173,0,0,1
373,173,0,0,1
374,173,0,0,1
375,173,0,0,1
376,173,0,0,1
377,173,0,0,1
378,173,0,0,1
379,173,0,0,1
380,173,0,0,1
381,173,0,0,1
382,173,0,0,1
383,173,0,0,1
384,173,0,0,1
385,173,0,0,1
386,173,0,0,1
387,173,0,0,1
388,173,0,0,1
389,173,0,0,1
390,173,0,0,1
391,173,0,0,1
392,173,0,0,1
393,173,0,0,1
394,173,0,0,1
395,173,0,0,1
397,396,0,0,1
399,398,0,0,1
400,398,0,0,1
401,398,0,0,1
402,398,0,0,1
403,398,0,0,1
404,398,0,0,1
405,398,0,0,1
406,398,0,0,1
407,398,0,0,1
408,398,0,0,1
409,398,0,0,1
410,398,0,0,1
411,398,0,0,1
412,398,0,0,1
413,398,0,0,1
414,398,0,0,1
415,398,0,0,1
416,398,0,0,1
417,398,0,0,1
418,398,0,0,1
419,398,0,0,1
420,398,0,0,1
421,398,0,0,1
422,398,0,0,1
423,398,0,0,1
424,398,0,0,1
425,398,0,0,1
426,398,0,0,1
427,398,0,0,1
428,398,0,0,1
429,398,0,0,1
430,398,0,0,1
431,398,0,0,1
432,398,0,0,1
433,398,0,0,1
434,398,0,0,1
435,398,0,0,1
436,398,0,0,1
437,398,0,0,1
438,398,0,0,1
439,398,0,0,1
440,398,0,0,1
441,398,0,0,1
442,398,0,0,1
443,398,0,0,1
444,398,0,0,1
445,398,0,0,1
446,398,0,0,1
447,398,0,0,1
448,398,0,0,1
449,398,0,0,1
450,398,0,0,1
451,398,0,0,1
452,398,0,0,1
453,398,0,0,1
454,398,0,0,1
455,398,0,0,1
456,398,0,0,1
457,398,0,0,1
458,398,0,0,1
459,398,0,0,1
460,398,0,0,1
461,398,0,0,1
462,398,0,0,1
463,398,0,0,1
464,398,0,0,1
465,398,0,0,1
466,398,0,0,1
467,398,0,0,1
468,398,0,0,1
469,398,0,0,1
470,398,0,0,1
471,398,0,0,1
472,398,0,0,1
473,398,0,0,1
474,398,0,0,1
475,398,0,0,1
476,398,0,0,1
477,398,0,0,1
478,398,0,0,1
479,398,0,0,1
480,398,0,0,1
481,398,0,0,1
482,398,0,0,1
483,398,0,0,1
484,398,0,0,1
485,398,0,0,1
486,398,0,0,1
487,398,0,0,1
488,398,0,0,1
489,398,0,0,1
491,490,0,0,1
492,490,0,0,1
493,490,0,0,1
494,490,0,0,1
495,490,0,0,1
496,490,0,0,1
497,490,0,0,1
498,490,0,0,1
499,490,0,0,1
500,490,0,0,1
501,490,0,0,1
502,490,0,0,1
503,490,0,0,1
504,490,0,0,1
505,490,0,0,1
506,490,0,0,1
507,490,0,0,1
508,490,0,0,1
509,490,0,0,1
510,490,0,0,1
511,490,0,0,1
512,490,0,0,1
513,490,0,0,1
514,490,0,0,1
515,490,0,0,1
516,490,0,0,1
517,490,0,0,1
518,490,0,0,1
519,490,0,0,1
520,490,0,0,1
521,490,0,0,1
522,490,0,0,1
523,490,0,0,1
524,490,0,0,1
525,490,0,0,1
526,490,0,0,1
527,490,0,0,1
528,490,0,0,1
529,490,0,0,1
530,490,0,0,1
531,490,0,0,1
532,490,0,0,1
533,490,0,0,1
534,490,0,0,1
535,490,0,0,1
536,490,0,0,1
537,490,0,0,1
538,490,0,0,1
539,490,0,0,1
540,490,0,0,1
541,490,0,0,1
542,490,0,0,1
543,490,0,0,1
544,490,0,0,1
545,490,0,0,1
546,490,0,0,1
547,490,0,0,1
548,490,0,0,1
549,490,0,0,1
550,490,0,0,1
551,490,0,0,1
552,490,0,0,1
553,490,0,0,1
554,490,0,0,1
555,490,0,0,1
556,490,0,0,1
557,490,0,0,1
558,490,0,0,1
559,490,0,0,1
560,490,0,0,1
561,490,0,0,1
562,490,0,0,1
563,490,0,0,1
564,490,0,0,1
565,490,0,0,1
566,490,0,0,1
567,490,0,0,1
568,490,0,0,1
569,490,0,0,1
570,490,0,0,1
571,490,0,0,1
572,490,0,0,1
573,490,0,0,1
574,490,0,0,1
575,490,0,0,1
576,490,0,0,1
577,490,0,0,1
578,490,0,0,1
579,490,0,0,1
580,490,0,0,1
581,490,0,0,1
582,490,0,0,1
583,490,0,0,1
584,490,0,0,1
585,490,0,0,1
586,490,0,0,1
587,490,0,0,1
588,490,0,0,1
589,490,0,0,1
590,490,0,0,1
591,490,0,0,1
592,490,0,0,1
593,490,0,0,1
594,490,0,0,1
595,490,0,0,1
596,490,0,0,1
597,490,0,0,1
598,490,0,0,1
599,490,0,0,1
600,490,0,0,1
601,490,0,0,1
602,490,0,0,1
603,490,0,0,1
604,490,0,0,1
605,490,0,0,1
606,490,0,0,1
607,490,0,0,1
608,490,0,0,1
609,490,0,0,1
610,490,0,0,1
611,490,0,0,1
612,490,0,0,1
613,490,0,0,1
614,490,0,0,1
615,490,0,0,1
616,490,0,0,1
617,490,0,0,1
618,490,0,0,1
619,490,0,0,1
620,490,0,0,1
621,490,0,0,1
622,490,0,0,1
623,490,0,0,1
624,490,0,0,1
625,490,0,0,1
626,490,0,0,1
627,490,0,0,1
628,490,0,0,1
629,490,0,0,1
630,490,0,0,1
631,490,0,0,1
632,490,0,0,1
633,490,0,0,1
634,490,0,0,1
635,490,0,0,1
636,490,0,0,1
637,490,0,0,1
638,490,0,0,1
639,490,0,0,1
640,490,0,0,1
641,490,0,0,1
642,490,0,0,1
643,490,0,0,1
644,490,0,0,1
645,490,0,0,1
646,490,0,0,1
647,490,0,0,1
649,648,0,0,1
651,650,0,0,1
653,652,0,0,1
654,652,0,0,1
655,652,0,0,1
656,652,0,0,1
657,652,0,0,1
658,652,0,0,1
659,652,0,0,1
660,652,0,0,1
661,652,0,0,1
662,652,0,0,1
663,652,0,0,1
664,652,0,0,1
665,652,0,0,1
666,652,0,0,1
667,652,0,0,1
668,652,0,0,1
669,652,0,0,1
670,652,0,0,1
671,652,0,0,1
672,652,0,0,1
673,652,0,0,1
674,652,0,0,1
675,652,0,0,1
676,652,0,0,1
677,652,0,0,1
678,652,0,0,1
679,652,0,0,1
680,652,0,0,1
681,652,0,0,1
682,652,0,0,1
683,652,0,0,1
684,652,0,0,1
685,652,0,0,1
686,652,0,0,1
687,652,0,0,1
688,652,0,0,1
689,652,0,0,1
690,652,0,0,1
691,652,0,0,1
692,652,0,0,1
693,652,0,0,1
694,652,0,0,1
695,652,0,0,1
696,652,0,0,1
697,652,0,0,1
698,652,0,0,1
699,652,0,0,1
700,652,0,0,1
701,652,0,0,1
702,652,0,0,1
703,652,0,0,1
704,652,0,0,1
705,652,0,0,1
706,652,0,0,1
707,652,0,0,1
708,652,0,0,1
709,652,0,0,1
710,652,0,0,1
711,652,0,0,1
712,652,0,0,1
713,652,0,0,1
714,652,0,0,1
715,652,0,0,1
717,716,0,0,1
718,716,0,0,1
719,716,0,0,1
720,716,0,0,1
721,716,0,0,1
722,716,0,0,1
723,716,0,0,1
724,716,0,0,1
725,716,0,0,1
726,716,0,0,1
727,716,0,0,1
728,716,0,0,1
729,716,0,0,1
730,716,0,0,1
731,716,0,0,1
732,716,0,0,1
733,716,0,0,1
734,716,0,0,1
735,716,0,0,1
736,716,0,0,1
737,716,0,0,1
738,716,0,0,1
739,716,0,0,1
740,716,0,0,1
741,716,0,0,1
742,716,0,0,1
743,716,0,0,1
744,716,0,0,1
745,716,0,0,1
746,716,0,0,1
747,716,0,0,1
748,716,0,0,1
749,716,0,0,1
750,716,0,0,1
751,716,0,0,1
752,716,0,0,1
753,716,0,0,1
754,716,0,0,1
755,716,0,0,1
756,716,0,0,1
757,716,0,0,1
758,716,0,0,1
759,716,0,0,1
760,716,0,0,1
761,716,0,0,1
762,716,0,0,1
763,716,0,0,1
764,716,0,0,1
765,716,0,0,1
766,716,0,0,1
767,716,0,0,1
768,716,0,0,1
769,716,0,0,1
770,716,0,0,1
771,716,0,0,1
772,716,0,0,1
773,716,0,0,1
774,716,0,0,1
775,716,0,0,1
776,716,0,0,1
777,716,0,0,1
778,716,0,0,1
779,716,0,0,1
780,716,0,0,1
781,716,0,0,1
782,716,0,0,1
783,716,0,0,1
784,716,0,0,1
785,716,0,0,1
786,716,0,0,1
787,716,0,0,1
788,716,0,0,1
789,716,0,0,1
790,716,0,0,1
791,716,0,0,1
792,716,0,0,1
793,716,0,0,1
794,716,0,0,1
795,716,0,0,1
796,716,0,0,1
797,716,0,0,1
798,716,0,0,1
799,716,0,0,1
800,716,0,0,1
801,716,0,0,1
802,716,0,0,1
803,716,0,0,1
804,716,0,0,1
805,716,0,0,1
806,716,0,0,1
807,716,0,0,1
808,716,0,0,1
809,716,0,0,1
810,716,0,0,1
811,716,0,0,1
812,716,0,0,1
813,716,0,0,1
814,716,0,0,1
815,716,0,0,1
816,716,0,0,1
817,716,0,0,1
818,716,0,0,1
819,716,0,0,1
820,716,0,0,1
821,716,0,0,1
822,716,0,0,1
823,716,0,0,1
824,716,0,0,1
825,716,0,0,1
826,716,0,0,1
827,716,0,0,1
828,716,0,0,1
829,716,0,0,1
830,716,0,0,1
831,716,0,0,1
832,716,0,0,1
833,716,0,0,1
834,716,0,0,1
835,716,0,0,1
836,716,0,0,1
837,716,0,0,1
838,716,0,0,1
839,716,0,0,1
840,716,0,0,1
841,716,0,0,1
842,716,0,0,1
843,716,0,0,1
844,716,0,0,1
845,716,0,0,1
846,716,0,0,1
847,716,0,0,1
848,716,0,0,1
849,716,0,0,1
850,716,0,0,1
851,716,0,0,1
852,716,0,0,1
853,716,0,0,1
854,716,0,0,1
855,716,0,0,1
856,716,0,0,1
857,716,0,0,1
858,716,0,0,1
859,716,0,0,1
860,716,0,0,1
861,716,0,0,1
862,716,0,0,1
863,716,0,0,1
864,716,0,0,1
865,716,0,0,1
866,716,0,0,1
867,716,0,0,1
868,716,0,0,1
869,716,0,0,1
870,716,0,0,1
871,716,0,0,1
872,716,0,0,1
873,716,0,0,1
874,716,0,0,1
875,716,0,0,1
876,716,0,0,1
877,716,0,0,1
878,716,0,0,1
879,716,0,0,1
880,716,0,0,1
881,716,0,0,1
882,716,0,0,1
883,716,0,0,1
884,716,0,0,1
885,716,0,0,1
886,716,0,0,1
887,716,0,0,1
888,716,0,0,1
889,716,0,0,1
890,716,0,0,1
891,716,0,0,1
892,716,0,0,1
893,716,0,0,1
894,716,0,0,1
895,716,0,0,1
896,716,0,0,1
897,716,0,0,1
898,716,0,0,1
899,716,0,0,1
900,716,0,0,1
901,716,0,0,1
902,716,0,0,1
903,716,0,0,1
905,904,0,0,1
906,904,0,0,1
907,904,0,0,1
909,908,0,0,1
